date,product_name,rank,product_asin,product_price,product_stars,product_ratings,5star,4star,3star,2star,1star,review_number
11/08/2020,"Furbo Dog Camera: Treat Tossing, Full HD Wifi Pet Camera and 2-Way Audio, Designed for Dogs, Compatible with Alexa (As Seen On Ellen)",1,B01FXC7JWQ,$199.00,4.5,"10,778 ",76%,11%,4%,3%,7%," 5,412"
11/08/2020,TOOGE Pet Dog Camera Wireless Home Security Camera FHD WiFi Indoor Camera Pet Monitor Cat Camera Night Vision 2 Way Audio and Motion Detection,2,B0796T6MTK,$36.99,4.0,"2,660 ",62%,14%,5%,4%,15%," 1,645"
11/08/2020,"[New 2020] Petcube Cam Pet Monitoring Camera with Built-in Vet Chat for Cats &amp; Dogs, 1080p HD Video, Night Vision, Two-Way Audio, Magnet Mounting, Home Security",3,B088C4NHRS,$49.99,4.2,7 ,81%,0%,0%,0%,19%,7
11/08/2020,"W.C Redmon Precision Digital Pet Scales, Large",4,B005D7FAXW,$98.37,4.4,654 ,70%,15%,5%,3%,7%, 455
11/08/2020,"WOpet Smart Pet Camera:Dog Treat Dispenser, Full HD WiFi Pet Camera with Night Vision for Pet Viewing,Two Way Audio Communication Designed for Dogs and Cats,Monitor Your Pet Remotely",5,B07QFZKJ21,$139.99,4.3,628 ,66%,18%,8%,2%,6%, 304
11/08/2020,IMILLET WiFi Pet Camera Dog Camera with Phone App FHD Indoor Cat Camera Pet Monitor Night Vision 2 Way Audio Motion Detection (Black),6,B081SYLDGF,$36.99,4.6,327 ,75%,15%,4%,1%,4%, 211
11/08/2020,"Pet Camera, VSTARCAM Dog Camera with Laser Wireless Cat Camera 1080P Baby Monitor Camera with 2 Way Audio, Night Vision Sound Motion Alerts, APP Remote Control Home Security Camera for Pet &amp; Baby",7,B07Z3RJGZD,$59.99,4.0,115 ,57%,18%,5%,4%,16%, 79
11/08/2020,RV/Dog Safety Temperature &amp; Humidity Sensor | 4G Verizon Cellular | Wireless Remote Pet Temp Monitor with 24/7 Email/SMS Alerts | No WiFi Required | iOS/Android Compatible,8,B07SGCYMGN,$199.00,4.0,118 ,61%,12%,8%,8%,11%, 76
11/08/2020,"[New 2020] Petcube Bites 2 Wi-Fi Pet Camera with Treat Dispenser &amp; Alexa Built-in, for Dogs and Cats. 1080p HD Video, 160° Full-Room View, 2-Way Audio, Sound/Motion Alerts, Night Vision, Pet Monitor",9,B07QZ4BWY1,$199.00,4.2,233 ,66%,12%,8%,6%,8%, 164
11/08/2020,"SKYMEE Dog Camera Treat Dispenser,WiFi Full HD Pet Camera with Two-Way Audio and Night Vision,Compatible with Alexa",10,B07WL7GKT8,$129.98,3.4,28 ,46%,6%,16%,9%,23%, 15
11/08/2020,"DADYPET Pet Camera, Baby Monitor, WiFi Camera, 1080P FHD Wireless IP Security Home Dome Camera with Night Vision/Two-Way Audio/Cloud Storage/Motion Detection",11,B07T82YGFC,$38.99,3.5,28 ,47%,8%,12%,8%,24%, 21
11/08/2020,"Dog Camera, 1080P FHD Pet Camera, AVSTART Wireless Camera with AI Human Detection, Night Vision, Home Security Camera 2-Way Audio, Pan/Tilt/Zoom WiFi IP Camera Works with Alexa, Cloud Storage/TF Card",12,B08CXD7B6Y,$29.99,4.6,17 ,78%,14%,0%,8%,0%, 17
11/08/2020,HD 1080p Pet Camera Dog Camera 360° Pet Monitor Indoor Cat Camera with Night Vision and Two Way Audio,13,B07M7DW3TW,$35.98,3.9,408 ,56%,17%,6%,5%,16%, 234
11/08/2020,"DOGNESS Automatic WiFi Dog/Cat Smart Camera Feeder   6.5lbs Large Capacity App Control Food Dispenser with WiFi, Portion Control, Voice Recording,Timer Programmable",14,B07MJLYNKD,$159.99,4.3,162 ,74%,4%,8%,5%,10%, 123
11/08/2020,NPET Smart Pet Camera Dog Treat Dispenser,15,B07YYCZCQ3,$106.99,4.8,15 ,89%,0%,11%,0%,0%, 10
11/08/2020,"[New 2020] Petcube Play 2 Wi-Fi Pet Camera with Laser Toy &amp; Alexa Built-In, for Cats &amp; Dogs. 1080P HD Video, 160° Full-Room View, 2-Way Audio, Sound/Motion Alerts, Night Vision, Pet Monitoring App",16,B07R3G87RG,$179.00,4.3,213 ,65%,16%,6%,6%,6%, 151
11/08/2020,"360 Wireless Security Camera 1080P for Home Surveillance with Two Way Audio, Pan Tilt and Phone APP from DEATTI",17,B07BP42FWJ,$29.69,3.9,346 ,58%,15%,7%,4%,17%, 222
11/08/2020,"Iseebiz Smart Pet Camera, Dog Camera Treat Dispenser, 2-Way Audio, 720P Night Vision Camera, App Control(Android/iOS) Treat Tossing, 2.4G Wifi Enable, Compatible with Alexa, Monitor Your Dogs and Cats",18,B07VVZ6S5K,$108.99,4.2,41 ,58%,23%,8%,0%,11%, 27
11/08/2020,"Owlet Home | Pet Camera with Treat Dispenser &amp; Tossing for Dogs/Cats, WiFi, 720P Camera, Live Video, Auto Night Vision, 2-Way Audio, Work with Alexa",19,B07ZWVGFDJ,$106.76,4.5,38 ,77%,9%,4%,4%,6%, 23
11/08/2020,"PetChatz HDX: [New] USA Made Luxury 2-Way Audio &amp; Video Pet Treat Camera, HD 1080p, Motion/Sound Detection Smart Video Recording, Streams DOGTV, Calming Aromatherapy, Designed for Dogs and Cats",20,B07YQBNNDL,$329.99,3.9,41 ,55%,10%,17%,8%,10%, 25
